"","Trip.ID","Duration","Start.Date","Start.Station","Start.Terminal","End.Date","End.Station","End.Terminal","Bike..","Subscriber.Type","Zip.Code","Zip_Test","Zip_Val","Zip_Val1"
"1",431336,787,"8/29/2014 17:18","South Van Ness at Market",66,"8/29/2014 17:31","Beale at Market",56,439,"Subscriber","9611",4,"DISCARD","yes"
"2",430704,420,"8/29/2014 11:55","2nd at Folsom",62,"8/29/2014 12:02","San Francisco Caltrain 2 (330 Townsend)",69,468,"Customer","9415",4,"DISCARD","yes"
"3",430197,716,"8/29/2014 8:08","Mechanics Plaza (Market at Battery)",75,"8/29/2014 8:20","South Van Ness at Market",66,85,"Subscriber","9611",4,"DISCARD","yes"
"4",429487,862,"8/28/2014 17:06","South Van Ness at Market",66,"8/28/2014 17:21","Temporary Transbay Terminal (Howard at Beale)",55,415,"Subscriber","9611",4,"DISCARD","yes"
"5",428478,640,"8/28/2014 8:17","Mechanics Plaza (Market at Battery)",75,"8/28/2014 8:28","South Van Ness at Market",66,635,"Subscriber","9611",4,"DISCARD","yes"
"6",428052,957,"8/27/2014 19:11","Grant Avenue at Columbus Avenue",73,"8/27/2014 19:27","Powell at Post (Union Square)",71,389,"Customer","972",3,"DISCARD","yes"
"7",428051,967,"8/27/2014 19:11","Grant Avenue at Columbus Avenue",73,"8/27/2014 19:27","Powell at Post (Union Square)",71,381,"Customer","972",3,"DISCARD","yes"
"8",428019,744,"8/27/2014 18:57","Commercial at Montgomery",45,"8/27/2014 19:09","Grant Avenue at Columbus Avenue",73,381,"Customer","972",3,"DISCARD","yes"
"9",428018,746,"8/27/2014 18:57","Commercial at Montgomery",45,"8/27/2014 19:09","Grant Avenue at Columbus Avenue",73,389,"Customer","972",3,"DISCARD","yes"
"10",427943,980,"8/27/2014 18:30","Steuart at Market",74,"8/27/2014 18:46","Commercial at Montgomery",45,389,"Customer","972",3,"DISCARD","yes"
"11",427941,1034,"8/27/2014 18:30","Steuart at Market",74,"8/27/2014 18:47","Commercial at Montgomery",45,381,"Customer","972",3,"DISCARD","yes"
"12",427782,2450,"8/27/2014 17:45","Embarcadero at Sansome",60,"8/27/2014 18:26","Steuart at Market",74,381,"Customer","972",3,"DISCARD","yes"
"13",427779,2338,"8/27/2014 17:45","Embarcadero at Sansome",60,"8/27/2014 18:24","Steuart at Market",74,408,"Customer","972",3,"DISCARD","yes"
"14",427732,777,"8/27/2014 17:32","South Van Ness at Market",66,"8/27/2014 17:45","Temporary Transbay Terminal (Howard at Beale)",55,324,"Subscriber","9611",4,"DISCARD","yes"
"15",426569,1253,"8/27/2014 8:23","Mechanics Plaza (Market at Battery)",75,"8/27/2014 8:44","South Van Ness at Market",66,16,"Subscriber","9611",4,"DISCARD","yes"
"16",425628,760,"8/26/2014 17:16","South Van Ness at Market",66,"8/26/2014 17:29","Temporary Transbay Terminal (Howard at Beale)",55,383,"Subscriber","9611",4,"DISCARD","yes"
"17",425185,1040,"8/26/2014 13:49","Harry Bridges Plaza (Ferry Building)",50,"8/26/2014 14:06","Powell at Post (Union Square)",71,281,"Customer","9",1,"DISCARD","yes"
"18",425180,1142,"8/26/2014 13:47","Harry Bridges Plaza (Ferry Building)",50,"8/26/2014 14:06","Powell at Post (Union Square)",71,276,"Customer","9",1,"DISCARD","yes"
"19",424924,6793,"8/26/2014 10:37","Market at 10th",67,"8/26/2014 12:30","Harry Bridges Plaza (Ferry Building)",50,209,"Customer","9",1,"DISCARD","yes"
"20",424923,6801,"8/26/2014 10:36","Market at 10th",67,"8/26/2014 12:30","Harry Bridges Plaza (Ferry Building)",50,490,"Customer","9",1,"DISCARD","yes"
"21",420468,6398,"8/22/2014 14:10","Harry Bridges Plaza (Ferry Building)",50,"8/22/2014 15:57","Steuart at Market",74,581,"Customer","90",2,"DISCARD","yes"
"22",418637,17187,"8/21/2014 12:07","San Jose Civic Center",3,"8/21/2014 16:53","San Jose Civic Center",3,227,"Customer","9959",4,"DISCARD","yes"
"23",418636,329,"8/21/2014 12:06","South Van Ness at Market",66,"8/21/2014 12:12","Powell Street BART",39,539,"Subscriber","9611",4,"DISCARD","yes"
"24",417044,732,"8/20/2014 16:06","South Van Ness at Market",66,"8/20/2014 16:18","Beale at Market",56,600,"Subscriber","9611",4,"DISCARD","yes"
"25",415420,844,"8/19/2014 17:02","South Van Ness at Market",66,"8/19/2014 17:16","Temporary Transbay Terminal (Howard at Beale)",55,16,"Subscriber","9611",4,"DISCARD","yes"
"26",415195,1091,"8/19/2014 15:36","Embarcadero at Sansome",60,"8/19/2014 15:54","San Francisco Caltrain (Townsend at 4th)",70,342,"Customer","9519",4,"DISCARD","yes"
"27",414734,1037,"8/19/2014 9:23","2nd at Townsend",61,"8/19/2014 9:41","Embarcadero at Sansome",60,525,"Customer","9519",4,"DISCARD","yes"
"28",414482,738,"8/19/2014 8:25","Mechanics Plaza (Market at Battery)",75,"8/19/2014 8:37","South Van Ness at Market",66,97,"Subscriber","9611",4,"DISCARD","yes"
"29",413625,776,"8/18/2014 17:04","South Van Ness at Market",66,"8/18/2014 17:17","Temporary Transbay Terminal (Howard at Beale)",55,623,"Subscriber","9611",4,"DISCARD","yes"
"30",412803,820,"8/18/2014 8:37","Mechanics Plaza (Market at Battery)",75,"8/18/2014 8:51","South Van Ness at Market",66,306,"Subscriber","9611",4,"DISCARD","yes"
"31",411548,1317,"8/16/2014 14:32","San Francisco Caltrain (Townsend at 4th)",70,"8/16/2014 14:54","Howard at 2nd",63,333,"Customer","92",2,"DISCARD","yes"
"32",409920,742,"8/15/2014 8:14","Mechanics Plaza (Market at Battery)",75,"8/15/2014 8:27","South Van Ness at Market",66,464,"Subscriber","9611",4,"DISCARD","yes"
"33",409240,906,"8/14/2014 16:56","South Van Ness at Market",66,"8/14/2014 17:11","Temporary Transbay Terminal (Howard at Beale)",55,351,"Subscriber","9611",4,"DISCARD","yes"
"34",408313,693,"8/14/2014 8:15","Mechanics Plaza (Market at Battery)",75,"8/14/2014 8:27","South Van Ness at Market",66,453,"Subscriber","9611",4,"DISCARD","yes"
"35",407542,790,"8/13/2014 17:07","South Van Ness at Market",66,"8/13/2014 17:20","Temporary Transbay Terminal (Howard at Beale)",55,85,"Subscriber","9611",4,"DISCARD","yes"
"36",406485,713,"8/13/2014 8:02","Mechanics Plaza (Market at Battery)",75,"8/13/2014 8:14","South Van Ness at Market",66,191,"Subscriber","9611",4,"DISCARD","yes"
"37",405592,863,"8/12/2014 17:04","South Van Ness at Market",66,"8/12/2014 17:19","Temporary Transbay Terminal (Howard at Beale)",55,86,"Subscriber","9611",4,"DISCARD","yes"
"38",404465,821,"8/12/2014 8:02","Mechanics Plaza (Market at Battery)",75,"8/12/2014 8:16","South Van Ness at Market",66,368,"Subscriber","9611",4,"DISCARD","yes"
"39",403625,772,"8/11/2014 17:08","South Van Ness at Market",66,"8/11/2014 17:21","Temporary Transbay Terminal (Howard at Beale)",55,191,"Subscriber","9611",4,"DISCARD","yes"
"40",402743,746,"8/11/2014 8:41","Mechanics Plaza (Market at Battery)",75,"8/11/2014 8:54","South Van Ness at Market",66,548,"Subscriber","9611",4,"DISCARD","yes"
"41",401839,22116,"8/10/2014 12:05","Embarcadero at Bryant",54,"8/10/2014 18:13","San Francisco Caltrain (Townsend at 4th)",70,100,"Customer","9513",4,"DISCARD","yes"
"42",400738,888,"8/8/2014 17:12","South Van Ness at Market",66,"8/8/2014 17:27","Temporary Transbay Terminal (Howard at Beale)",55,348,"Subscriber","9611",4,"DISCARD","yes"
"43",399834,748,"8/8/2014 8:33","Mechanics Plaza (Market at Battery)",75,"8/8/2014 8:46","South Van Ness at Market",66,16,"Subscriber","9611",4,"DISCARD","yes"
"44",399014,884,"8/7/2014 17:04","South Van Ness at Market",66,"8/7/2014 17:19","Temporary Transbay Terminal (Howard at Beale)",55,606,"Subscriber","9611",4,"DISCARD","yes"
"45",398073,784,"8/7/2014 8:37","Mechanics Plaza (Market at Battery)",75,"8/7/2014 8:50","South Van Ness at Market",66,191,"Subscriber","9611",4,"DISCARD","yes"
"46",397144,849,"8/6/2014 17:08","Market at 10th",67,"8/6/2014 17:23","Temporary Transbay Terminal (Howard at Beale)",55,324,"Subscriber","9611",4,"DISCARD","yes"
"47",395226,873,"8/5/2014 17:04","South Van Ness at Market",66,"8/5/2014 17:19","Temporary Transbay Terminal (Howard at Beale)",55,391,"Subscriber","9611",4,"DISCARD","yes"
"48",394891,233,"8/5/2014 13:33","Civic Center BART (7th at Market)",72,"8/5/2014 13:37","Powell Street BART",39,502,"Customer","9405",4,"DISCARD","yes"
"49",394197,736,"8/5/2014 8:05","Mechanics Plaza (Market at Battery)",75,"8/5/2014 8:17","South Van Ness at Market",66,597,"Subscriber","9611",4,"DISCARD","yes"
"50",393464,944,"8/4/2014 17:15","South Van Ness at Market",66,"8/4/2014 17:31","Temporary Transbay Terminal (Howard at Beale)",55,526,"Subscriber","9611",4,"DISCARD","yes"
"51",393418,613,"8/4/2014 16:59","South Van Ness at Market",66,"8/4/2014 17:09","Powell Street BART",39,379,"Customer","9405",4,"DISCARD","yes"
"52",392676,781,"8/4/2014 8:45","Mechanics Plaza (Market at Battery)",75,"8/4/2014 8:58","South Van Ness at Market",66,474,"Subscriber","9611",4,"DISCARD","yes"
"53",390839,5167,"8/1/2014 17:49","Embarcadero at Bryant",54,"8/1/2014 19:15","Embarcadero at Bryant",54,368,"Customer","9513",4,"DISCARD","yes"
"54",390815,5686,"8/1/2014 17:41","Harry Bridges Plaza (Ferry Building)",50,"8/1/2014 19:16","Embarcadero at Bryant",54,404,"Customer","9513",4,"DISCARD","yes"
"55",390798,530,"8/1/2014 17:38","Harry Bridges Plaza (Ferry Building)",50,"8/1/2014 17:47","Embarcadero at Bryant",54,278,"Customer","9513",4,"DISCARD","yes"
"56",390479,770,"8/1/2014 15:34","South Van Ness at Market",66,"8/1/2014 15:47","Temporary Transbay Terminal (Howard at Beale)",55,404,"Subscriber","9611",4,"DISCARD","yes"
"57",389741,648,"8/1/2014 8:02","Mechanics Plaza (Market at Battery)",75,"8/1/2014 8:13","South Van Ness at Market",66,376,"Subscriber","9611",4,"DISCARD","yes"
"58",389076,794,"7/31/2014 17:12","South Van Ness at Market",66,"7/31/2014 17:26","Temporary Transbay Terminal (Howard at Beale)",55,535,"Subscriber","9611",4,"DISCARD","yes"
"59",388118,740,"7/31/2014 8:29","Mechanics Plaza (Market at Battery)",75,"7/31/2014 8:42","South Van Ness at Market",66,424,"Subscriber","9611",4,"DISCARD","yes"
"60",387223,788,"7/30/2014 17:08","South Van Ness at Market",66,"7/30/2014 17:21","Temporary Transbay Terminal (Howard at Beale)",55,457,"Subscriber","9611",4,"DISCARD","yes"
"61",386240,746,"7/30/2014 8:32","Mechanics Plaza (Market at Battery)",75,"7/30/2014 8:45","South Van Ness at Market",66,526,"Subscriber","9611",4,"DISCARD","yes"
"62",385903,761,"7/29/2014 22:16","San Francisco Caltrain 2 (330 Townsend)",69,"7/29/2014 22:28","Market at 10th",67,463,"Customer","9491",4,"DISCARD","yes"
"63",385850,223,"7/29/2014 21:18","2nd at Townsend",61,"7/29/2014 21:21","San Francisco Caltrain 2 (330 Townsend)",69,587,"Customer","9494",4,"DISCARD","yes"
"64",385562,1834,"7/29/2014 18:18","5th at Howard",57,"7/29/2014 18:48","5th at Howard",57,483,"Customer","9267",4,"DISCARD","yes"
"65",385531,328,"7/29/2014 18:09","Howard at 2nd",63,"7/29/2014 18:15","2nd at Townsend",61,517,"Customer","9491",4,"DISCARD","yes"
"66",385499,336,"7/29/2014 18:03","San Francisco Caltrain 2 (330 Townsend)",69,"7/29/2014 18:09","2nd at Townsend",61,401,"Customer","9494",4,"DISCARD","yes"
"67",385498,356,"7/29/2014 18:03","San Francisco Caltrain 2 (330 Townsend)",69,"7/29/2014 18:09","2nd at Townsend",61,137,"Customer","9494",4,"DISCARD","yes"
"68",385403,484,"7/29/2014 17:37","Yerba Buena Center of the Arts (3rd @ Howard)",68,"7/29/2014 17:45","San Francisco Caltrain 2 (330 Townsend)",69,271,"Customer","9494",4,"DISCARD","yes"
"69",385402,519,"7/29/2014 17:36","Yerba Buena Center of the Arts (3rd @ Howard)",68,"7/29/2014 17:45","San Francisco Caltrain 2 (330 Townsend)",69,617,"Customer","9494",4,"DISCARD","yes"
"70",385242,809,"7/29/2014 16:56","South Van Ness at Market",66,"7/29/2014 17:10","Temporary Transbay Terminal (Howard at Beale)",55,477,"Subscriber","9611",4,"DISCARD","yes"
"71",384256,718,"7/29/2014 7:46","Mechanics Plaza (Market at Battery)",75,"7/29/2014 7:58","South Van Ness at Market",66,589,"Subscriber","9611",4,"DISCARD","yes"
"72",384124,2634,"7/29/2014 6:49","Yerba Buena Center of the Arts (3rd @ Howard)",68,"7/29/2014 7:32","Embarcadero at Sansome",60,571,"Customer","960",3,"DISCARD","yes"
"73",384102,1295,"7/29/2014 6:25","Powell at Post (Union Square)",71,"7/29/2014 6:47","Yerba Buena Center of the Arts (3rd @ Howard)",68,354,"Customer","960",3,"DISCARD","yes"
"74",383451,785,"7/28/2014 17:12","South Van Ness at Market",66,"7/28/2014 17:26","Temporary Transbay Terminal (Howard at Beale)",55,437,"Subscriber","9611",4,"DISCARD","yes"
"75",383014,31686,"7/28/2014 12:09","Broadway St at Battery St",82,"7/28/2014 20:57","Broadway St at Battery St",82,322,"Customer","9138",4,"DISCARD","yes"
"76",382592,780,"7/28/2014 8:44","Mechanics Plaza (Market at Battery)",75,"7/28/2014 8:57","South Van Ness at Market",66,672,"Subscriber","9611",4,"DISCARD","yes"
"77",380522,916,"7/25/2014 17:06","South Van Ness at Market",66,"7/25/2014 17:21","Temporary Transbay Terminal (Howard at Beale)",55,356,"Subscriber","9611",4,"DISCARD","yes"
"78",380357,248,"7/25/2014 16:04","South Van Ness at Market",66,"7/25/2014 16:08","San Francisco City Hall",58,548,"Subscriber","9611",4,"DISCARD","yes"
"79",379628,745,"7/25/2014 8:38","Mechanics Plaza (Market at Battery)",75,"7/25/2014 8:51","South Van Ness at Market",66,434,"Subscriber","9611",4,"DISCARD","yes"
"80",378777,1006,"7/24/2014 17:09","South Van Ness at Market",66,"7/24/2014 17:26","Temporary Transbay Terminal (Howard at Beale)",55,594,"Subscriber","9611",4,"DISCARD","yes"
"81",377832,743,"7/24/2014 8:29","Mechanics Plaza (Market at Battery)",75,"7/24/2014 8:42","South Van Ness at Market",66,497,"Subscriber","9611",4,"DISCARD","yes"
"82",376766,861,"7/23/2014 16:30","South Van Ness at Market",66,"7/23/2014 16:45","Temporary Transbay Terminal (Howard at Beale)",55,877,"Subscriber","9611",4,"DISCARD","yes"
"83",375805,759,"7/23/2014 8:11","Mechanics Plaza (Market at Battery)",75,"7/23/2014 8:24","South Van Ness at Market",66,485,"Subscriber","9611",4,"DISCARD","yes"
"84",373642,751,"7/22/2014 7:47","Mechanics Plaza (Market at Battery)",75,"7/22/2014 8:00","South Van Ness at Market",66,467,"Subscriber","9611",4,"DISCARD","yes"
"85",370491,2031,"7/18/2014 18:45","Washington at Kearny",46,"7/18/2014 19:18","Washington at Kearny",46,622,"Customer","9410",4,"DISCARD","yes"
"86",369328,721,"7/18/2014 8:18","Mechanics Plaza (Market at Battery)",75,"7/18/2014 8:30","South Van Ness at Market",66,479,"Subscriber","9611",4,"DISCARD","yes"
"87",368686,795,"7/17/2014 17:16","South Van Ness at Market",66,"7/17/2014 17:29","Temporary Transbay Terminal (Howard at Beale)",55,430,"Subscriber","9611",4,"DISCARD","yes"
"88",367625,687,"7/17/2014 8:32","Mechanics Plaza (Market at Battery)",75,"7/17/2014 8:43","South Van Ness at Market",66,389,"Subscriber","9611",4,"DISCARD","yes"
"89",366743,843,"7/16/2014 17:06","South Van Ness at Market",66,"7/16/2014 17:20","Temporary Transbay Terminal (Howard at Beale)",55,618,"Subscriber","9611",4,"DISCARD","yes"
"90",365740,687,"7/16/2014 8:05","Mechanics Plaza (Market at Battery)",75,"7/16/2014 8:17","South Van Ness at Market",66,427,"Subscriber","9611",4,"DISCARD","yes"
"91",364998,788,"7/15/2014 17:18","South Van Ness at Market",66,"7/15/2014 17:31","Temporary Transbay Terminal (Howard at Beale)",55,507,"Subscriber","9611",4,"DISCARD","yes"
"92",363878,691,"7/15/2014 8:12","Mechanics Plaza (Market at Battery)",75,"7/15/2014 8:24","South Van Ness at Market",66,618,"Subscriber","9611",4,"DISCARD","yes"
"93",363126,789,"7/14/2014 17:20","South Van Ness at Market",66,"7/14/2014 17:34","Temporary Transbay Terminal (Howard at Beale)",55,357,"Subscriber","9611",4,"DISCARD","yes"
"94",362171,770,"7/14/2014 8:15","Mechanics Plaza (Market at Battery)",75,"7/14/2014 8:28","South Van Ness at Market",66,424,"Subscriber","9611",4,"DISCARD","yes"
"95",361523,552,"7/13/2014 13:48","Spear at Folsom",49,"7/13/2014 13:57","2nd at South Park",64,283,"Customer","9107",4,"DISCARD","yes"
"96",361522,536,"7/13/2014 13:48","Spear at Folsom",49,"7/13/2014 13:57","2nd at South Park",64,376,"Customer","9107",4,"DISCARD","yes"
"97",361427,265,"7/13/2014 11:23","Embarcadero at Bryant",54,"7/13/2014 11:28","Spear at Folsom",49,508,"Customer","9107",4,"DISCARD","yes"
"98",361426,294,"7/13/2014 11:23","Embarcadero at Bryant",54,"7/13/2014 11:28","Spear at Folsom",49,342,"Customer","9107",4,"DISCARD","yes"
"99",361127,1543,"7/12/2014 16:37","Harry Bridges Plaza (Ferry Building)",50,"7/12/2014 17:02","San Francisco Caltrain (Townsend at 4th)",70,522,"Customer","9107",4,"DISCARD","yes"
"100",361126,1576,"7/12/2014 16:36","Harry Bridges Plaza (Ferry Building)",50,"7/12/2014 17:03","San Francisco Caltrain (Townsend at 4th)",70,503,"Customer","9107",4,"DISCARD","yes"
"101",361117,612,"7/12/2014 16:24","Embarcadero at Sansome",60,"7/12/2014 16:35","Harry Bridges Plaza (Ferry Building)",50,418,"Customer","9107",4,"DISCARD","yes"
"102",361116,566,"7/12/2014 16:24","Embarcadero at Sansome",60,"7/12/2014 16:34","Harry Bridges Plaza (Ferry Building)",50,345,"Customer","9107",4,"DISCARD","yes"
"103",361088,1461,"7/12/2014 16:00","Embarcadero at Sansome",60,"7/12/2014 16:24","Embarcadero at Sansome",60,335,"Customer","9107",4,"DISCARD","yes"
"104",361087,1459,"7/12/2014 15:59","Embarcadero at Sansome",60,"7/12/2014 16:24","Embarcadero at Sansome",60,484,"Customer","9107",4,"DISCARD","yes"
"105",361067,840,"7/12/2014 15:44","Embarcadero at Vallejo",48,"7/12/2014 15:58","Embarcadero at Sansome",60,418,"Customer","9107",4,"DISCARD","yes"
"106",361065,845,"7/12/2014 15:44","Embarcadero at Vallejo",48,"7/12/2014 15:58","Embarcadero at Sansome",60,529,"Customer","9107",4,"DISCARD","yes"
"107",361035,732,"7/12/2014 15:15","Harry Bridges Plaza (Ferry Building)",50,"7/12/2014 15:27","Embarcadero at Vallejo",48,418,"Customer","9107",4,"DISCARD","yes"
"108",360991,18950,"7/12/2014 14:22","Harry Bridges Plaza (Ferry Building)",50,"7/12/2014 19:38","Harry Bridges Plaza (Ferry Building)",50,287,"Customer","9904",4,"DISCARD","yes"
"109",358636,833,"7/10/2014 16:46","South Van Ness at Market",66,"7/10/2014 17:00","Temporary Transbay Terminal (Howard at Beale)",55,567,"Subscriber","9611",4,"DISCARD","yes"
"110",358251,4722,"7/10/2014 12:15","5th at Howard",57,"7/10/2014 13:34","5th at Howard",57,348,"Customer","9456",4,"DISCARD","yes"
"111",357582,687,"7/10/2014 7:35","Market at Sansome",77,"7/10/2014 7:46","South Van Ness at Market",66,491,"Subscriber","9611",4,"DISCARD","yes"
"112",356752,739,"7/9/2014 16:52","South Van Ness at Market",66,"7/9/2014 17:04","Temporary Transbay Terminal (Howard at Beale)",55,618,"Subscriber","9611",4,"DISCARD","yes"
"113",355768,830,"7/9/2014 7:31","Mechanics Plaza (Market at Battery)",75,"7/9/2014 7:45","South Van Ness at Market",66,348,"Subscriber","9611",4,"DISCARD","yes"
"114",355136,837,"7/8/2014 17:20","South Van Ness at Market",66,"7/8/2014 17:34","Temporary Transbay Terminal (Howard at Beale)",55,503,"Subscriber","9611",4,"DISCARD","yes"
"115",354202,667,"7/8/2014 8:16","Mechanics Plaza (Market at Battery)",75,"7/8/2014 8:27","South Van Ness at Market",66,300,"Subscriber","9611",4,"DISCARD","yes"
"116",352069,4727,"7/6/2014 15:03","Embarcadero at Bryant",54,"7/6/2014 16:22","Embarcadero at Bryant",54,636,"Customer","9160",4,"DISCARD","yes"
"117",350321,687,"7/3/2014 17:10","South Van Ness at Market",66,"7/3/2014 17:22","Mechanics Plaza (Market at Battery)",75,583,"Subscriber","9611",4,"DISCARD","yes"
"118",349460,803,"7/3/2014 8:30","Mechanics Plaza (Market at Battery)",75,"7/3/2014 8:43","South Van Ness at Market",66,687,"Subscriber","9611",4,"DISCARD","yes"
"119",348768,742,"7/2/2014 17:14","South Van Ness at Market",66,"7/2/2014 17:27","Temporary Transbay Terminal (Howard at Beale)",55,321,"Subscriber","9611",4,"DISCARD","yes"
"120",348510,1329,"7/2/2014 14:42","Embarcadero at Sansome",60,"7/2/2014 15:04","Market at Sansome",77,556,"Customer","90",2,"DISCARD","yes"
"121",348478,1646,"7/2/2014 14:01","Embarcadero at Sansome",60,"7/2/2014 14:28","Embarcadero at Sansome",60,556,"Customer","90",2,"DISCARD","yes"
"122",348431,2427,"7/2/2014 13:19","Market at Sansome",77,"7/2/2014 13:59","Embarcadero at Sansome",60,556,"Customer","90",2,"DISCARD","yes"
"123",347885,892,"7/2/2014 8:30","Mechanics Plaza (Market at Battery)",75,"7/2/2014 8:45","South Van Ness at Market",66,568,"Subscriber","9611",4,"DISCARD","yes"
"124",347093,910,"7/1/2014 17:13","South Van Ness at Market",66,"7/1/2014 17:28","Temporary Transbay Terminal (Howard at Beale)",55,546,"Subscriber","9611",4,"DISCARD","yes"
"125",346893,1243,"7/1/2014 15:55","Powell Street BART",39,"7/1/2014 16:16","Washington at Kearny",46,568,"Customer","9459",4,"DISCARD","yes"
"126",346667,12689,"7/1/2014 11:41","Harry Bridges Plaza (Ferry Building)",50,"7/1/2014 15:13","Powell Street BART",39,339,"Customer","9713",4,"DISCARD","yes"
"127",346666,12691,"7/1/2014 11:41","Harry Bridges Plaza (Ferry Building)",50,"7/1/2014 15:12","Powell Street BART",39,379,"Customer","9713",4,"DISCARD","yes"
"128",346279,826,"7/1/2014 8:30","Mechanics Plaza (Market at Battery)",75,"7/1/2014 8:43","South Van Ness at Market",66,514,"Subscriber","9611",4,"DISCARD","yes"
"129",345433,766,"6/30/2014 17:19","South Van Ness at Market",66,"6/30/2014 17:31","Temporary Transbay Terminal (Howard at Beale)",55,318,"Subscriber","9611",4,"DISCARD","yes"
"130",344610,633,"6/30/2014 8:41","Mechanics Plaza (Market at Battery)",75,"6/30/2014 8:51","South Van Ness at Market",66,314,"Subscriber","9611",4,"DISCARD","yes"
"131",342577,853,"6/27/2014 17:12","South Van Ness at Market",66,"6/27/2014 17:27","Temporary Transbay Terminal (Howard at Beale)",55,417,"Subscriber","9611",4,"DISCARD","yes"
"132",342110,11434,"6/27/2014 12:00","Market at 4th",76,"6/27/2014 15:11","Powell Street BART",39,377,"Customer","9405",4,"DISCARD","yes"
"133",341707,810,"6/27/2014 8:10","Mechanics Plaza (Market at Battery)",75,"6/27/2014 8:24","South Van Ness at Market",66,267,"Subscriber","9611",4,"DISCARD","yes"
"134",341011,799,"6/26/2014 17:10","South Van Ness at Market",66,"6/26/2014 17:24","Temporary Transbay Terminal (Howard at Beale)",55,392,"Subscriber","9611",4,"DISCARD","yes"
"135",340070,709,"6/26/2014 8:24","Mechanics Plaza (Market at Battery)",75,"6/26/2014 8:36","South Van Ness at Market",66,439,"Subscriber","9611",4,"DISCARD","yes"
"136",335776,739,"6/23/2014 17:14","South Van Ness at Market",66,"6/23/2014 17:27","Temporary Transbay Terminal (Howard at Beale)",55,501,"Subscriber","9611",4,"DISCARD","yes"
"137",334959,669,"6/23/2014 8:30","Mechanics Plaza (Market at Battery)",75,"6/23/2014 8:42","South Van Ness at Market",66,559,"Subscriber","9611",4,"DISCARD","yes"
"138",333489,1105,"6/21/2014 1:57","Mountain View Caltrain Station",28,"6/21/2014 2:15","Mountain View Caltrain Station",28,241,"Customer","9512",4,"DISCARD","yes"
"139",333488,1097,"6/21/2014 1:57","Mountain View Caltrain Station",28,"6/21/2014 2:15","Mountain View Caltrain Station",28,662,"Customer","9512",4,"DISCARD","yes"
"140",333088,790,"6/20/2014 17:20","South Van Ness at Market",66,"6/20/2014 17:34","Temporary Transbay Terminal (Howard at Beale)",55,524,"Subscriber","9611",4,"DISCARD","yes"
"141",332222,721,"6/20/2014 8:29","Mechanics Plaza (Market at Battery)",75,"6/20/2014 8:41","South Van Ness at Market",66,376,"Subscriber","9611",4,"DISCARD","yes"
"142",331456,930,"6/19/2014 17:12","South Van Ness at Market",66,"6/19/2014 17:28","Temporary Transbay Terminal (Howard at Beale)",55,370,"Subscriber","9611",4,"DISCARD","yes"
"143",330656,688,"6/19/2014 8:41","Mechanics Plaza (Market at Battery)",75,"6/19/2014 8:52","South Van Ness at Market",66,456,"Subscriber","9611",4,"DISCARD","yes"
"144",330018,744,"6/18/2014 18:02","South Van Ness at Market",66,"6/18/2014 18:15","2nd at Folsom",62,636,"Customer","9405",4,"DISCARD","yes"
"145",329843,832,"6/18/2014 17:16","South Van Ness at Market",66,"6/18/2014 17:30","Temporary Transbay Terminal (Howard at Beale)",55,381,"Subscriber","9611",4,"DISCARD","yes"
"146",329219,547,"6/18/2014 9:39","5th at Howard",57,"6/18/2014 9:48","South Van Ness at Market",66,420,"Customer","9405",4,"DISCARD","yes"
"147",328991,647,"6/18/2014 8:31","Mechanics Plaza (Market at Battery)",75,"6/18/2014 8:42","South Van Ness at Market",66,277,"Subscriber","9611",4,"DISCARD","yes"
"148",328508,360,"6/17/2014 19:17","Market at 4th",76,"6/17/2014 19:23","Temporary Transbay Terminal (Howard at Beale)",55,286,"Subscriber","9611",4,"DISCARD","yes"
"149",327740,235,"6/17/2014 12:47","San Francisco City Hall",58,"6/17/2014 12:51","South Van Ness at Market",66,517,"Subscriber","9611",4,"DISCARD","yes"
"150",327312,731,"6/17/2014 8:36","Mechanics Plaza (Market at Battery)",75,"6/17/2014 8:48","South Van Ness at Market",66,626,"Subscriber","9611",4,"DISCARD","yes"
"151",326426,772,"6/16/2014 17:08","South Van Ness at Market",66,"6/16/2014 17:21","Temporary Transbay Terminal (Howard at Beale)",55,600,"Subscriber","9611",4,"DISCARD","yes"
"152",326102,1367,"6/16/2014 14:14","Broadway St at Battery St",82,"6/16/2014 14:37","Powell at Post (Union Square)",71,561,"Customer","9142",4,"DISCARD","yes"
"153",326022,3955,"6/16/2014 12:37","Embarcadero at Vallejo",48,"6/16/2014 13:43","Embarcadero at Sansome",60,455,"Customer","9142",4,"DISCARD","yes"
"154",325952,970,"6/16/2014 11:17","Market at 4th",76,"6/16/2014 11:33","Harry Bridges Plaza (Ferry Building)",50,311,"Customer","9142",4,"DISCARD","yes"
"155",325635,723,"6/16/2014 8:49","Mechanics Plaza (Market at Battery)",75,"6/16/2014 9:01","South Van Ness at Market",66,553,"Subscriber","9611",4,"DISCARD","yes"
"156",324352,1043,"6/14/2014 13:33","2nd at Townsend",61,"6/14/2014 13:51","Davis at Jackson",42,572,"Customer","9413",4,"DISCARD","yes"
"157",324260,1067,"6/14/2014 11:14","Davis at Jackson",42,"6/14/2014 11:32","San Francisco Caltrain (Townsend at 4th)",70,562,"Customer","9413",4,"DISCARD","yes"
"158",323644,869,"6/13/2014 17:10","South Van Ness at Market",66,"6/13/2014 17:25","Temporary Transbay Terminal (Howard at Beale)",55,423,"Subscriber","9611",4,"DISCARD","yes"
"159",322768,758,"6/13/2014 8:29","Mechanics Plaza (Market at Battery)",75,"6/13/2014 8:42","South Van Ness at Market",66,349,"Subscriber","9611",4,"DISCARD","yes"
"160",322206,593,"6/12/2014 17:59","South Van Ness at Market",66,"6/12/2014 18:09","Market at Sansome",77,379,"Customer","9405",4,"DISCARD","yes"
"161",322047,664,"6/12/2014 17:16","South Van Ness at Market",66,"6/12/2014 17:27","Beale at Market",56,596,"Subscriber","9611",4,"DISCARD","yes"
"162",321339,644,"6/12/2014 8:55","Yerba Buena Center of the Arts (3rd @ Howard)",68,"6/12/2014 9:06","South Van Ness at Market",66,290,"Customer","9405",4,"DISCARD","yes"
"163",321268,726,"6/12/2014 8:36","Mechanics Plaza (Market at Battery)",75,"6/12/2014 8:48","South Van Ness at Market",66,314,"Subscriber","9611",4,"DISCARD","yes"
"164",320476,705,"6/11/2014 17:15","South Van Ness at Market",66,"6/11/2014 17:26","Beale at Market",56,412,"Subscriber","9611",4,"DISCARD","yes"
"165",319611,841,"6/11/2014 8:32","Mechanics Plaza (Market at Battery)",75,"6/11/2014 8:46","South Van Ness at Market",66,238,"Subscriber","9611",4,"DISCARD","yes"
"166",318792,739,"6/10/2014 17:12","South Van Ness at Market",66,"6/10/2014 17:25","Beale at Market",56,356,"Subscriber","9611",4,"DISCARD","yes"
"167",318704,358,"6/10/2014 16:49","2nd at South Park",64,"6/10/2014 16:55","Market at Sansome",77,541,"Customer","9404",4,"DISCARD","yes"
"168",318516,381,"6/10/2014 15:12","Market at Sansome",77,"6/10/2014 15:18","2nd at South Park",64,515,"Customer","9404",4,"DISCARD","yes"
"169",317888,791,"6/10/2014 8:18","Mechanics Plaza (Market at Battery)",75,"6/10/2014 8:31","South Van Ness at Market",66,525,"Subscriber","9611",4,"DISCARD","yes"
"170",317610,551,"6/9/2014 22:40","Embarcadero at Bryant",54,"6/9/2014 22:50","Grant Avenue at Columbus Avenue",73,520,"Customer","9413",4,"DISCARD","yes"
"171",317088,741,"6/9/2014 17:20","South Van Ness at Market",66,"6/9/2014 17:32","Beale at Market",56,527,"Subscriber","9611",4,"DISCARD","yes"
"172",316889,9356,"6/9/2014 16:16","Market at 4th",76,"6/9/2014 18:52","Broadway St at Battery St",82,510,"Customer","94",2,"DISCARD","yes"
"173",316193,685,"6/9/2014 8:33","Mechanics Plaza (Market at Battery)",75,"6/9/2014 8:45","South Van Ness at Market",66,360,"Subscriber","9611",4,"DISCARD","yes"
"174",315546,654,"6/8/2014 15:00","Harry Bridges Plaza (Ferry Building)",50,"6/8/2014 15:11","Grant Avenue at Columbus Avenue",73,281,"Customer","9413",4,"DISCARD","yes"
"175",315467,1140,"6/8/2014 13:38","5th at Howard",57,"6/8/2014 13:57","Harry Bridges Plaza (Ferry Building)",50,337,"Customer","9413",4,"DISCARD","yes"
"176",314244,754,"6/6/2014 17:26","South Van Ness at Market",66,"6/6/2014 17:39","Beale at Market",56,338,"Subscriber","9611",4,"DISCARD","yes"
"177",313327,840,"6/6/2014 8:33","Temporary Transbay Terminal (Howard at Beale)",55,"6/6/2014 8:47","South Van Ness at Market",66,505,"Subscriber","9611",4,"DISCARD","yes"
"178",312583,618,"6/5/2014 17:24","Market at 10th",67,"6/5/2014 17:35","Mechanics Plaza (Market at Battery)",75,342,"Subscriber","9611",4,"DISCARD","yes"
"179",311705,709,"6/5/2014 8:18","Mechanics Plaza (Market at Battery)",75,"6/5/2014 8:30","South Van Ness at Market",66,463,"Subscriber","9611",4,"DISCARD","yes"
"180",305876,5521,"6/1/2014 14:40","Embarcadero at Sansome",60,"6/1/2014 16:12","Embarcadero at Vallejo",48,411,"Customer","9735",4,"DISCARD","yes"
"181",304955,1143,"5/30/2014 23:40","Golden Gate at Polk",59,"5/30/2014 23:59","Grant Avenue at Columbus Avenue",73,351,"Customer","9413",4,"DISCARD","yes"
"182",303458,382,"5/29/2014 19:24","Townsend at 7th",65,"5/29/2014 19:30","San Francisco Caltrain (Townsend at 4th)",70,466,"Customer","9440",4,"DISCARD","yes"
"183",298298,824,"5/26/2014 13:03","Harry Bridges Plaza (Ferry Building)",50,"5/26/2014 13:17","2nd at Townsend",61,411,"Customer","9458",4,"DISCARD","yes"
"184",298297,831,"5/26/2014 13:03","Harry Bridges Plaza (Ferry Building)",50,"5/26/2014 13:17","2nd at Townsend",61,525,"Customer","9458",4,"DISCARD","yes"
"185",297001,1234,"5/24/2014 14:14","Steuart at Market",74,"5/24/2014 14:35","Market at 10th",67,492,"Customer","9",1,"DISCARD","yes"
"186",297000,1234,"5/24/2014 14:14","Steuart at Market",74,"5/24/2014 14:35","Market at 10th",67,445,"Customer","9",1,"DISCARD","yes"
"187",296901,1000,"5/24/2014 11:26","Market at 10th",67,"5/24/2014 11:42","Steuart at Market",74,545,"Customer","9",1,"DISCARD","yes"
"188",296900,1013,"5/24/2014 11:25","Market at 10th",67,"5/24/2014 11:42","Steuart at Market",74,288,"Customer","9",1,"DISCARD","yes"
"189",293138,986,"5/21/2014 16:10","San Francisco Caltrain (Townsend at 4th)",70,"5/21/2014 16:27","Harry Bridges Plaza (Ferry Building)",50,878,"Customer","9711",4,"DISCARD","yes"
"190",293002,822,"5/21/2014 13:37","Ryland Park",84,"5/21/2014 13:50","Paseo de San Antonio",7,52,"Customer","9835",4,"DISCARD","yes"
"191",292964,1665,"5/21/2014 13:01","Ryland Park",84,"5/21/2014 13:29","Ryland Park",84,52,"Customer","9835",4,"DISCARD","yes"
"192",292923,1549,"5/21/2014 12:26","Ryland Park",84,"5/21/2014 12:52","Ryland Park",84,52,"Customer","9835",4,"DISCARD","yes"
"193",289214,803,"5/19/2014 7:36","Steuart at Market",74,"5/19/2014 7:50","Townsend at 7th",65,472,"Customer","9426",4,"DISCARD","yes"
"194",279165,12708,"5/10/2014 13:36","California Ave Caltrain Station",36,"5/10/2014 17:08","University and Emerson",35,139,"Customer","9401",4,"DISCARD","yes"
"195",279164,12735,"5/10/2014 13:36","California Ave Caltrain Station",36,"5/10/2014 17:08","University and Emerson",35,51,"Customer","9401",4,"DISCARD","yes"
"196",270297,597,"5/3/2014 3:28","Temporary Transbay Terminal (Howard at Beale)",55,"5/3/2014 3:38","San Francisco Caltrain (Townsend at 4th)",70,569,"Customer","9410",4,"DISCARD","yes"
"197",268370,489,"5/1/2014 17:00","Embarcadero at Vallejo",48,"5/1/2014 17:08","Harry Bridges Plaza (Ferry Building)",50,623,"Customer","9414",4,"DISCARD","yes"
"198",268290,530,"5/1/2014 16:19","Spear at Folsom",49,"5/1/2014 16:28","San Francisco Caltrain (Townsend at 4th)",70,498,"Customer","9303",4,"DISCARD","yes"
"199",268131,843,"5/1/2014 13:50","Harry Bridges Plaza (Ferry Building)",50,"5/1/2014 14:04","Embarcadero at Vallejo",48,419,"Customer","9414",4,"DISCARD","yes"
"200",265621,347,"4/29/2014 19:26","2nd at Folsom",62,"4/29/2014 19:32","Spear at Folsom",49,354,"Customer","9170",4,"DISCARD","yes"
"201",265406,220,"4/29/2014 18:04","Yerba Buena Center of the Arts (3rd @ Howard)",68,"4/29/2014 18:08","Howard at 2nd",63,424,"Customer","9170",4,"DISCARD","yes"
"202",264239,166,"4/29/2014 7:13","Howard at 2nd",63,"4/29/2014 7:15","Yerba Buena Center of the Arts (3rd @ Howard)",68,436,"Customer","9170",4,"DISCARD","yes"
"203",264149,340,"4/28/2014 22:33","Market at 4th",76,"4/28/2014 22:39","Howard at 2nd",63,509,"Customer","9170",4,"DISCARD","yes"
"204",264148,359,"4/28/2014 22:33","Market at 4th",76,"4/28/2014 22:39","Howard at 2nd",63,542,"Customer","9170",4,"DISCARD","yes"
"205",263771,696,"4/28/2014 17:54","San Francisco City Hall",58,"4/28/2014 18:06","Powell Street BART",39,466,"Customer","9170",4,"DISCARD","yes"
"206",262564,981,"4/27/2014 20:07","Golden Gate at Polk",59,"4/27/2014 20:23","Howard at 2nd",63,355,"Customer","9170",4,"DISCARD","yes"
"207",262563,1005,"4/27/2014 20:07","Golden Gate at Polk",59,"4/27/2014 20:23","Howard at 2nd",63,501,"Customer","9170",4,"DISCARD","yes"
"208",262350,978,"4/27/2014 14:46","Powell at Post (Union Square)",71,"4/27/2014 15:02","Golden Gate at Polk",59,399,"Customer","9170",4,"DISCARD","yes"
"209",262349,989,"4/27/2014 14:46","Powell at Post (Union Square)",71,"4/27/2014 15:02","Golden Gate at Polk",59,626,"Customer","9170",4,"DISCARD","yes"
"210",262213,2342,"4/27/2014 11:39","Harry Bridges Plaza (Ferry Building)",50,"4/27/2014 12:18","Embarcadero at Sansome",60,377,"Customer","9170",4,"DISCARD","yes"
"211",262212,2343,"4/27/2014 11:39","Harry Bridges Plaza (Ferry Building)",50,"4/27/2014 12:18","Embarcadero at Sansome",60,587,"Customer","9170",4,"DISCARD","yes"
"212",262172,408,"4/27/2014 10:37","Howard at 2nd",63,"4/27/2014 10:44","Steuart at Market",74,406,"Customer","9170",4,"DISCARD","yes"
"213",262171,454,"4/27/2014 10:36","Howard at 2nd",63,"4/27/2014 10:44","Steuart at Market",74,578,"Customer","9170",4,"DISCARD","yes"
"214",254400,24219,"4/19/2014 13:39","Commercial at Montgomery",45,"4/19/2014 20:22","Powell at Post (Union Square)",71,412,"Customer","907",3,"DISCARD","yes"
"215",246631,2634,"4/13/2014 15:47","Harry Bridges Plaza (Ferry Building)",50,"4/13/2014 16:31","Powell at Post (Union Square)",71,366,"Customer","966",3,"DISCARD","yes"
"216",246562,511,"4/13/2014 14:33","Market at Sansome",77,"4/13/2014 14:41","Harry Bridges Plaza (Ferry Building)",50,461,"Customer","966",3,"DISCARD","yes"
"217",244852,252,"4/11/2014 10:31","Post at Kearny",47,"4/11/2014 10:35","Market at 4th",76,342,"Customer","949",3,"DISCARD","yes"
"218",244837,853,"4/11/2014 10:16","Grant Avenue at Columbus Avenue",73,"4/11/2014 10:30","Post at Kearny",47,342,"Customer","949",3,"DISCARD","yes"
"219",244618,988,"4/11/2014 8:29","Market at Sansome",77,"4/11/2014 8:45","Grant Avenue at Columbus Avenue",73,517,"Customer","949",3,"DISCARD","yes"
"220",244615,201,"4/11/2014 8:24","Market at 4th",76,"4/11/2014 8:28","Market at Sansome",77,339,"Customer","949",3,"DISCARD","yes"
"221",244013,518,"4/10/2014 16:55","South Van Ness at Market",66,"4/10/2014 17:03","Market at 4th",76,431,"Customer","949",3,"DISCARD","yes"
"222",243981,22350,"4/10/2014 16:34","MLK Library",11,"4/10/2014 22:46","MLK Library",11,168,"Customer","9539",4,"DISCARD","yes"
"223",243326,298,"4/10/2014 8:31","Grant Avenue at Columbus Avenue",73,"4/10/2014 8:36","Washington at Kearny",46,507,"Customer","949",3,"DISCARD","yes"
"224",243236,794,"4/10/2014 7:52","Market at 4th",76,"4/10/2014 8:05","Grant Avenue at Columbus Avenue",73,487,"Customer","949",3,"DISCARD","yes"
"225",242252,3036,"4/9/2014 12:07","San Francisco Caltrain (Townsend at 4th)",70,"4/9/2014 12:58","Embarcadero at Sansome",60,592,"Customer","9407",4,"DISCARD","yes"
"226",242250,3049,"4/9/2014 12:07","San Francisco Caltrain (Townsend at 4th)",70,"4/9/2014 12:58","Embarcadero at Sansome",60,267,"Customer","9407",4,"DISCARD","yes"
"227",241781,1062,"4/9/2014 8:07","Market at 4th",76,"4/9/2014 8:25","Embarcadero at Sansome",60,586,"Customer","949",3,"DISCARD","yes"
"228",241563,1384,"4/8/2014 21:27","Embarcadero at Folsom",51,"4/8/2014 21:50","Market at 4th",76,260,"Customer","949",3,"DISCARD","yes"
"229",241542,1612,"4/8/2014 20:59","Market at 4th",76,"4/8/2014 21:26","Embarcadero at Folsom",51,260,"Customer","949",3,"DISCARD","yes"
"230",237549,70841,"4/5/2014 13:34","Powell Street BART",39,"4/6/2014 9:14","Powell at Post (Union Square)",71,613,"Customer","9401",4,"DISCARD","yes"
"231",235518,686,"4/3/2014 14:35","Market at 10th",67,"4/3/2014 14:47","Market at Sansome",77,629,"Customer","91",2,"DISCARD","yes"
"232",235450,1272,"4/3/2014 13:27","Market at Sansome",77,"4/3/2014 13:49","Market at 10th",67,629,"Customer","91",2,"DISCARD","yes"
"233",234775,1053,"4/3/2014 6:43","Embarcadero at Sansome",60,"4/3/2014 7:00","Market at Sansome",77,591,"Customer","91",2,"DISCARD","yes"
"234",234762,2306,"4/3/2014 6:03","Market at Sansome",77,"4/3/2014 6:42","Embarcadero at Sansome",60,591,"Customer","91",2,"DISCARD","yes"
"235",233450,1665,"4/2/2014 5:22","Market at Sansome",77,"4/2/2014 5:50","Embarcadero at Sansome",60,383,"Customer","91",2,"DISCARD","yes"
"236",233149,2893,"4/1/2014 13:46","Temporary Transbay Terminal (Howard at Beale)",55,"4/1/2014 14:34","Powell Street BART",39,527,"Customer","9167",4,"DISCARD","yes"
"237",232758,891,"4/1/2014 6:37","Embarcadero at Sansome",60,"4/1/2014 6:52","Market at Sansome",77,300,"Customer","91",2,"DISCARD","yes"
"238",232748,1255,"4/1/2014 6:11","Market at Sansome",77,"4/1/2014 6:32","Embarcadero at Sansome",60,614,"Customer","91",2,"DISCARD","yes"
"239",231760,522,"3/31/2014 6:40","Civic Center BART (7th at Market)",72,"3/31/2014 6:49","Market at Sansome",77,422,"Customer","91",2,"DISCARD","yes"
"240",231749,1319,"3/31/2014 6:16","Powell Street BART",39,"3/31/2014 6:38","Civic Center BART (7th at Market)",72,422,"Customer","91",2,"DISCARD","yes"
"241",231744,1497,"3/31/2014 5:50","Market at Sansome",77,"3/31/2014 6:15","Powell Street BART",39,422,"Customer","91",2,"DISCARD","yes"
"242",231227,1624,"3/30/2014 10:22","Palo Alto Caltrain Station",34,"3/30/2014 10:49","Palo Alto Caltrain Station",34,90,"Customer","91",2,"DISCARD","yes"
"243",231213,1733,"3/30/2014 9:52","Palo Alto Caltrain Station",34,"3/30/2014 10:21","Palo Alto Caltrain Station",34,90,"Customer","91",2,"DISCARD","yes"
"244",231198,1743,"3/30/2014 9:21","Palo Alto Caltrain Station",34,"3/30/2014 9:50","Palo Alto Caltrain Station",34,88,"Customer","91",2,"DISCARD","yes"
"245",231186,1522,"3/30/2014 8:50","Palo Alto Caltrain Station",34,"3/30/2014 9:16","Palo Alto Caltrain Station",34,90,"Customer","91",2,"DISCARD","yes"
"246",231175,1738,"3/30/2014 8:18","San Antonio Caltrain Station",29,"3/30/2014 8:47","Palo Alto Caltrain Station",34,90,"Customer","91",2,"DISCARD","yes"
"247",231169,1703,"3/30/2014 7:49","Palo Alto Caltrain Station",34,"3/30/2014 8:17","San Antonio Caltrain Station",29,79,"Customer","91",2,"DISCARD","yes"
"248",223968,1314,"3/22/2014 17:57","Civic Center BART (7th at Market)",72,"3/22/2014 18:19","Embarcadero at Bryant",54,454,"Customer","940",3,"DISCARD","yes"
"249",223966,1337,"3/22/2014 17:56","Civic Center BART (7th at Market)",72,"3/22/2014 18:19","Embarcadero at Bryant",54,366,"Customer","940",3,"DISCARD","yes"
"250",223833,8296,"3/22/2014 15:25","Embarcadero at Folsom",51,"3/22/2014 17:43","Civic Center BART (7th at Market)",72,366,"Customer","940",3,"DISCARD","yes"
"251",223832,8490,"3/22/2014 15:25","Embarcadero at Folsom",51,"3/22/2014 17:47","Civic Center BART (7th at Market)",72,547,"Customer","940",3,"DISCARD","yes"
"252",220632,1151,"3/19/2014 22:14","Beale at Market",56,"3/19/2014 22:33","Embarcadero at Bryant",54,497,"Customer","9105",4,"DISCARD","yes"
"253",218412,930,"3/18/2014 15:01","Grant Avenue at Columbus Avenue",73,"3/18/2014 15:16","Embarcadero at Bryant",54,361,"Customer","9025",4,"DISCARD","yes"
"254",218349,5945,"3/18/2014 14:02","Powell Street BART",39,"3/18/2014 15:41","Market at 4th",76,629,"Customer","972",3,"DISCARD","yes"
"255",218310,2717,"3/18/2014 13:20","Harry Bridges Plaza (Ferry Building)",50,"3/18/2014 14:06","Grant Avenue at Columbus Avenue",73,361,"Customer","9025",4,"DISCARD","yes"
"256",218201,682,"3/18/2014 12:02","Embarcadero at Bryant",54,"3/18/2014 12:14","Harry Bridges Plaza (Ferry Building)",50,411,"Customer","9025",4,"DISCARD","yes"
"257",213079,296,"3/13/2014 17:43","Market at Sansome",77,"3/13/2014 17:48","2nd at Folsom",62,273,"Customer","9061",4,"DISCARD","yes"
"258",213015,617,"3/13/2014 17:25","Grant Avenue at Columbus Avenue",73,"3/13/2014 17:35","Post at Kearny",47,327,"Customer","9061",4,"DISCARD","yes"
"259",212807,809,"3/13/2014 15:47","Embarcadero at Vallejo",48,"3/13/2014 16:00","Grant Avenue at Columbus Avenue",73,327,"Customer","9061",4,"DISCARD","yes"
"260",212805,2015,"3/13/2014 15:46","San Pedro Square",6,"3/13/2014 16:19","Adobe on Almaden",5,665,"Customer","9536",4,"DISCARD","yes"
"261",212559,1437,"3/13/2014 12:39","Yerba Buena Center of the Arts (3rd @ Howard)",68,"3/13/2014 13:03","Steuart at Market",74,355,"Customer","9061",4,"DISCARD","yes"
"262",209547,23371,"3/11/2014 11:57","Civic Center BART (7th at Market)",72,"3/11/2014 18:26","San Francisco City Hall",58,545,"Customer","9401",4,"DISCARD","yes"
"263",209092,338,"3/11/2014 8:02","Evelyn Park and Ride",30,"3/11/2014 8:07","Mountain View Caltrain Station",28,696,"Customer","9409",4,"DISCARD","yes"
